,Country,Tournament,Year of Tournament,Tournament Surface,Doubles,Prize Money,Match Day,Start Time,Player Name 1,Player Name 2,Winner,Sets,Score,BKNAME,numbetlines,FullClosingFullHomeAsianOdds,FullClosingFullAwayAsianOdds,FullClosingOutcomeTiming,FullOpeningFullAsianHomeOdds,FullOpeningFullAsianAwayOdds,FullOpeningOutcomeTiming,FullAsianHomeVolume,FullAsianAwayVolume,FullAsianHomeLayClosingOdds,FullAsianAwayLayClosingOdds,FullAsianHomeLayOpeningOdds,FullAsianAwayLayOpeningOdds,FullLayClosingTime,FullLayOpenClosingTime,FullLayAsianHomeVolume,FullLayAsianAwayVolume,Set1ClosingFullHomeAsianOdds,Set1ClosingFullAwayAsianOdds,Set1ClosingOutcomeTiming,Set1OpeningFullAsianHomeOdds,Set1OpeningFullAsianAwayOdds,Set1OpeningOutcomeTiming,Set1AsianHomeVolume,Set1AsianAwayVolume,Set1AsianHomeLayClosingOdds,Set1AsianAwayLayClosingOdds,Set1AsianHomeLayOpeningOdds,Set1AsianAwayLayOpeningOdds,Set1LayClosingTime,Set1LayOpenClosingTime,Set1LayAsianHomeVolume,Set1LayAsianAwayVolume,Set2ClosingFullHomeAsianOdds,Set2ClosingFullAwayAsianOdds,Set2ClosingOutcomeTiming,Set2OpeningFullAsianHomeOdds,Set2OpeningFullAsianAwayOdds,Set2OpeningOutcomeTiming,Set2AsianHomeVolume,Set2AsianAwayVolume,Set2AsianHomeLayClosingOdds,Set2AsianAwayLayClosingOdds,Set2AsianHomeLayOpeningOdds,Set2AsianAwayLayOpeningOdds,Set2LayClosingTime,Set2LayOpenClosingTime,Set2LayAsianHomeVolume,Set2LayAsianAwayVolume
0,australia,atp-australian-open-2017,2017,,N,"A$15,000,000",2017-01-18,22:25:00,Istomin D.,Djokovic N.,Istomin D.,3:2,"7:68, 5:7, 2:6, 7:65, 6:4",interwetten,E-5-2-1-2.5-0,3.6,1.25,2017-01-18 03:51:34,4.0,1.2,2017-01-17 07:35:42,,,,,,,,,,,,,,,,,,,,,,,,,,,,,,,,,,,,,,,,,,
1,australia,atp-australian-open-2017,2017,,N,"A$15,000,000",2017-01-18,22:25:00,Istomin D.,Djokovic N.,Istomin D.,3:2,"7:68, 5:7, 2:6, 7:65, 6:4",149,E-5-2-1-2.5-0,3.6,1.25,2017-01-18 03:42:59,4.0,1.2,2017-01-17 07:38:53,,,,,,,,,,,,,,,,,,,,,,,,,,,,,,,,,,,,,,,,,,
2,australia,atp-australian-open-2017,2017,,N,"A$15,000,000",2017-01-18,22:25:00,Istomin D.,Djokovic N.,Istomin D.,3:2,"7:68, 5:7, 2:6, 7:65, 6:4",pinnacle,E-5-2-1-2.5-0,4.14,1.28,2017-01-18 19:18:41,4.46,1.25,2017-01-17 07:55:56,,,,,,,,,,,,,,,,,,,,,,,,,,,,,,,,,,,,,,,,,,
3,australia,atp-australian-open-2017,2017,,N,"A$15,000,000",2017-01-18,22:25:00,Istomin D.,Djokovic N.,Istomin D.,3:2,"7:68, 5:7, 2:6, 7:65, 6:4",sbobet,E-5-2-1-2.5-0,3.43,1.25,2017-01-18 08:48:36,3.32,1.27,2017-01-17 08:43:35,,,,,,,,,,,,,,,,,,,,,,,,,,,,,,,,,,,,,,,,,,
4,australia,atp-australian-open-2017,2017,,N,"A$15,000,000",2017-01-18,22:25:00,Istomin D.,Djokovic N.,Istomin D.,3:2,"7:68, 5:7, 2:6, 7:65, 6:4",betway,E-5-2-1-2.5-0,3.75,1.25,2017-01-17 15:56:48,4.0,1.22,2017-01-17 09:28:43,,,,,,,,,,,,,,,,,,,,,,,,,,,,,,,,,,,,,,,,,,
5,australia,atp-australian-open-2017,2017,,N,"A$15,000,000",2017-01-18,22:25:00,Istomin D.,Djokovic N.,Istomin D.,3:2,"7:68, 5:7, 2:6, 7:65, 6:4",157,E-5-2-1-2.5-0,3.85,1.25,2017-01-17 11:11:37,3.85,1.25,2017-01-17 11:11:37,,,,,,,,,,,,,,,,,,,,,,,,,,,,,,,,,,,,,,,,,,
6,australia,atp-australian-open-2017,2017,,N,"A$15,000,000",2017-01-18,22:25:00,Istomin D.,Djokovic N.,Istomin D.,3:2,"7:68, 5:7, 2:6, 7:65, 6:4",unibet,E-5-2-1-2.5-0,3.85,1.25,2017-01-17 11:18:14,3.85,1.25,2017-01-17 11:18:14,,,,,,,,,,,,,,,,,,,,,,,,,,,,,,,,,,,,,,,,,,
7,australia,atp-australian-open-2017,2017,,N,"A$15,000,000",2017-01-18,22:25:00,Istomin D.,Djokovic N.,Istomin D.,3:2,"7:68, 5:7, 2:6, 7:65, 6:4",comeon,E-5-2-1-2.5-0,3.85,1.22,2017-01-17 19:02:00,4.6,1.14,2017-01-17 14:07:58,,,,,,,,,,,,,,,,,,,,,,,,,,,,,,,,,,,,,,,,,,
8,australia,atp-australian-open-2017,2017,,N,"A$15,000,000",2017-01-18,22:25:00,Istomin D.,Djokovic N.,Istomin D.,3:2,"7:68, 5:7, 2:6, 7:65, 6:4",10bet,E-5-2-1-2.5-0,3.9,1.22,2017-01-17 19:02:10,4.7,1.14,2017-01-17 14:08:23,,,,,,,,,,,,,,,,,,,,,,,,,,,,,,,,,,,,,,,,,,
9,australia,atp-australian-open-2017,2017,,N,"A$15,000,000",2017-01-18,22:25:00,Istomin D.,Djokovic N.,Istomin D.,3:2,"7:68, 5:7, 2:6, 7:65, 6:4",188bet,E-5-2-1-2.5-0,3.63,1.22,2017-01-18 22:08:23,3.12,1.27,2017-01-17 14:55:21,,,,,,,,,,,,,,,,,,,,,,,,,,,,,,,,,,,,,,,,,,
10,australia,atp-australian-open-2017,2017,,N,"A$15,000,000",2017-01-18,22:25:00,Istomin D.,Djokovic N.,Istomin D.,3:2,"7:68, 5:7, 2:6, 7:65, 6:4",jetbull,E-5-2-1-2.5-0,3.8,1.2,2017-01-18 05:01:18,3.7,1.22,2017-01-17 14:57:41,,,,,,,,,,,,,,,,,,,,,,,,,,,,,,,,,,,,,,,,,,
11,australia,atp-australian-open-2017,2017,,N,"A$15,000,000",2017-01-18,22:25:00,Istomin D.,Djokovic N.,Istomin D.,3:2,"7:68, 5:7, 2:6, 7:65, 6:4",betsson,E-5-2-1-2.5-0,3.5,1.25,2017-01-18 01:56:55,3.55,1.25,2017-01-17 15:06:35,,,,,,,,,,,,,,,,,,,,,,,,,,,,,,,,,,,,,,,,,,
12,australia,atp-australian-open-2017,2017,,N,"A$15,000,000",2017-01-18,22:25:00,Istomin D.,Djokovic N.,Istomin D.,3:2,"7:68, 5:7, 2:6, 7:65, 6:4",nordicbet,E-5-2-1-2.5-0,3.5,1.25,2017-01-18 01:58:50,3.55,1.25,2017-01-17 15:07:28,,,,,,,,,,,,,,,,,,,,,,,,,,,,,,,,,,,,,,,,,,
13,australia,atp-australian-open-2017,2017,,N,"A$15,000,000",2017-01-18,22:25:00,Istomin D.,Djokovic N.,Istomin D.,3:2,"7:68, 5:7, 2:6, 7:65, 6:4",betsafe,E-5-2-1-2.5-0,3.5,1.25,2017-01-18 01:56:53,3.55,1.25,2017-01-17 15:07:46,,,,,,,,,,,,,,,,,,,,,,,,,,,,,,,,,,,,,,,,,,
14,australia,atp-australian-open-2017,2017,,N,"A$15,000,000",2017-01-18,22:25:00,Istomin D.,Djokovic N.,Istomin D.,3:2,"7:68, 5:7, 2:6, 7:65, 6:4",dafabet,E-5-2-1-2.5-0,3.38,1.26,2017-01-18 19:10:53,3.17,1.28,2017-01-17 16:52:17,,,,,,,,,,,,,,,,,,,,,,,,,,,,,,,,,,,,,,,,,,
15,australia,atp-australian-open-2017,2017,,N,"A$15,000,000",2017-01-18,22:25:00,Istomin D.,Djokovic N.,Istomin D.,3:2,"7:68, 5:7, 2:6, 7:65, 6:4",454,E-5-2-1-2.5-0,3.81,1.22,2017-01-18 19:43:44,3.81,1.22,2017-01-18 05:02:40,,,,,,,,,,,,,,,,,,,,,,,,,,,,,,,,,,,,,,,,,,
16,australia,atp-australian-open-2017,2017,,N,"A$15,000,000",2017-01-18,22:25:00,Istomin D.,Djokovic N.,Istomin D.,3:2,"7:68, 5:7, 2:6, 7:65, 6:4",888sport,E-5-2-1-2.5-0,3.85,1.25,2017-01-18 20:56:18,3.85,1.25,2017-01-18 20:56:18,,,,,,,,,,,,,,,,,,,,,,,,,,,,,,,,,,,,,,,,,,
17,australia,atp-australian-open-2017,2017,,N,"A$15,000,000",2017-01-18,22:25:00,Istomin D.,Djokovic N.,Istomin D.,3:2,"7:68, 5:7, 2:6, 7:65, 6:4",youwin,E-5-2-1-1.5-0,9.0,1.04,2017-01-18 05:43:08,9.0,1.04,2017-01-18 05:43:08,,,,,,,,,,,,,,,,,,,,,,,,,,,,,,,,,,,,,,,,,,
18,australia,atp-australian-open-2017,2017,,N,"A$15,000,000",2017-01-18,22:25:00,Istomin D.,Djokovic N.,Istomin D.,3:2,"7:68, 5:7, 2:6, 7:65, 6:4",454,E-5-2-1-1.5-0,8.62,1.04,2017-01-18 05:56:18,8.06,1.05,2017-01-18 05:45:39,,,,,,,,,,,,,,,,,,,,,,,,,,,,,,,,,,,,,,,,,,
19,australia,atp-australian-open-2017,2017,,N,"A$15,000,000",2017-01-18,22:25:00,Istomin D.,Djokovic N.,Istomin D.,3:2,"7:68, 5:7, 2:6, 7:65, 6:4",pinnacle,E-5-2-2-11-0,1.52,2.49,2017-01-18 22:22:40,1.36,3.17,2017-01-17 17:58:38,,,,,,,,,,,,,,,,,,,,,,,,,,,,,,,,,,,,,,,,,,
20,australia,atp-australian-open-2017,2017,,N,"A$15,000,000",2017-01-18,22:25:00,Istomin D.,Djokovic N.,Istomin D.,3:2,"7:68, 5:7, 2:6, 7:65, 6:4",marathonbet,E-5-2-2-11-0,1.35,3.32,2017-01-18 12:34:09,1.35,3.32,2017-01-18 12:34:09,,,,,,,,,,,,,,,,,,,,,,,,,,,,,,,,,,,,,,,,,,
21,australia,atp-australian-open-2017,2017,,N,"A$15,000,000",2017-01-18,22:25:00,Istomin D.,Djokovic N.,Istomin D.,3:2,"7:68, 5:7, 2:6, 7:65, 6:4",1xbet,E-5-2-2-11-0,1.35,3.32,2017-01-18 12:38:31,1.35,3.32,2017-01-18 12:38:31,,,,,,,,,,,,,,,,,,,,,,,,,,,,,,,,,,,,,,,,,,
22,australia,atp-australian-open-2017,2017,,N,"A$15,000,000",2017-01-18,22:25:00,Istomin D.,Djokovic N.,Istomin D.,3:2,"7:68, 5:7, 2:6, 7:65, 6:4",453,E-5-2-2-11-0,1.35,3.32,2017-01-18 12:39:01,1.35,3.32,2017-01-18 12:39:01,,,,,,,,,,,,,,,,,,,,,,,,,,,,,,,,,,,,,,,,,,
23,australia,atp-australian-open-2017,2017,,N,"A$15,000,000",2017-01-18,22:25:00,Istomin D.,Djokovic N.,Istomin D.,3:2,"7:68, 5:7, 2:6, 7:65, 6:4",1xbet,E-5-2-2-10.5-0,2.4,1.6,2017-01-18 12:38:37,2.75,1.45,2017-01-17 07:00:26,,,,,,,,,,,,,,,,,,,,,,,,,,,,,,,,,,,,,,,,,,
24,australia,atp-australian-open-2017,2017,,N,"A$15,000,000",2017-01-18,22:25:00,Istomin D.,Djokovic N.,Istomin D.,3:2,"7:68, 5:7, 2:6, 7:65, 6:4",453,E-5-2-2-10.5-0,2.4,1.6,2017-01-18 12:39:10,2.75,1.45,2017-01-17 07:01:46,,,,,,,,,,,,,,,,,,,,,,,,,,,,,,,,,,,,,,,,,,
25,australia,atp-australian-open-2017,2017,,N,"A$15,000,000",2017-01-18,22:25:00,Istomin D.,Djokovic N.,Istomin D.,3:2,"7:68, 5:7, 2:6, 7:65, 6:4",pinnacle,E-5-2-2-10.5-0,1.95,1.87,2017-01-18 22:22:40,2.39,1.6,2017-01-17 07:44:51,,,,,,,,,,,,,,,,,,,,,,,,,,,,,,,,,,,,,,,,,,
26,australia,atp-australian-open-2017,2017,,N,"A$15,000,000",2017-01-18,22:25:00,Istomin D.,Djokovic N.,Istomin D.,3:2,"7:68, 5:7, 2:6, 7:65, 6:4",411,E-5-2-2-10.5-0,2.57,1.45,2017-01-18 21:45:18,2.54,1.46,2017-01-17 07:45:26,,,,,,,,,,,,,,,,,,,,,,,,,,,,,,,,,,,,,,,,,,
27,australia,atp-australian-open-2017,2017,,N,"A$15,000,000",2017-01-18,22:25:00,Istomin D.,Djokovic N.,Istomin D.,3:2,"7:68, 5:7, 2:6, 7:65, 6:4",45,E-5-2-2-10.5-0,2.57,1.45,2017-01-18 21:46:13,2.54,1.46,2017-01-17 07:45:43,,,,,,,,,,,,,,,,,,,,,,,,,,,,,,,,,,,,,,,,,,
28,australia,atp-australian-open-2017,2017,,N,"A$15,000,000",2017-01-18,22:25:00,Istomin D.,Djokovic N.,Istomin D.,3:2,"7:68, 5:7, 2:6, 7:65, 6:4",49,E-5-2-2-10.5-0,2.57,1.45,2017-01-18 21:46:10,2.54,1.46,2017-01-17 07:45:45,,,,,,,,,,,,,,,,,,,,,,,,,,,,,,,,,,,,,,,,,,
29,australia,atp-australian-open-2017,2017,,N,"A$15,000,000",2017-01-18,22:25:00,Istomin D.,Djokovic N.,Istomin D.,3:2,"7:68, 5:7, 2:6, 7:65, 6:4",46,E-5-2-2-10.5-0,2.47,1.46,2017-01-17 17:30:30,2.47,1.46,2017-01-17 17:30:30,,,,,,,,,,,,,,,,,,,,,,,,,,,,,,,,,,,,,,,,,,
30,australia,atp-australian-open-2017,2017,,N,"A$15,000,000",2017-01-18,22:25:00,Istomin D.,Djokovic N.,Istomin D.,3:2,"7:68, 5:7, 2:6, 7:65, 6:4",betway,E-5-2-2-10.5-0,2.38,1.53,2017-01-17 18:32:40,2.38,1.53,2017-01-17 18:32:40,,,,,,,,,,,,,,,,,,,,,,,,,,,,,,,,,,,,,,,,,,
31,australia,atp-australian-open-2017,2017,,N,"A$15,000,000",2017-01-18,22:25:00,Istomin D.,Djokovic N.,Istomin D.,3:2,"7:68, 5:7, 2:6, 7:65, 6:4",marathonbet,E-5-2-2-10.5-0,2.4,1.6,2017-01-18 12:34:16,2.33,1.63,2017-01-17 19:19:18,,,,,,,,,,,,,,,,,,,,,,,,,,,,,,,,,,,,,,,,,,
32,australia,atp-australian-open-2017,2017,,N,"A$15,000,000",2017-01-18,22:25:00,Istomin D.,Djokovic N.,Istomin D.,3:2,"7:68, 5:7, 2:6, 7:65, 6:4",betfair-exchange,E-5-2-2-10.5-0,2.42,1.48,2017-01-18 22:21:19,1.98,1.49,2017-01-17 23:24:51,472,16,3.05,1.7,2.64,1.81,2017-01-18 22:23:07,2017-01-18 12:30:42,8,672,,,,,,,,,,,,,,,,,,,,,,,,,,,,,,,,
33,australia,atp-australian-open-2017,2017,,N,"A$15,000,000",2017-01-18,22:25:00,Istomin D.,Djokovic N.,Istomin D.,3:2,"7:68, 5:7, 2:6, 7:65, 6:4",youwin,E-5-2-1--1.5-0,21.0,1.01,2017-01-18 05:43:08,21.0,1.01,2017-01-18 05:43:08,,,,,,,,,,,,,,,,,,,,,,,,,,,,,,,,,,,,,,,,,,
34,australia,atp-australian-open-2017,2017,,N,"A$15,000,000",2017-01-18,22:25:00,Istomin D.,Djokovic N.,Istomin D.,3:2,"7:68, 5:7, 2:6, 7:65, 6:4",1xbet,E-5-2-2-11.5-0,3.6,1.29,2017-01-18 04:00:34,4.3,1.22,2017-01-17 07:00:26,,,,,,,,,,,,,,,,,,,,,,,,,,,,,,,,,,,,,,,,,,
35,australia,atp-australian-open-2017,2017,,N,"A$15,000,000",2017-01-18,22:25:00,Istomin D.,Djokovic N.,Istomin D.,3:2,"7:68, 5:7, 2:6, 7:65, 6:4",453,E-5-2-2-11.5-0,3.6,1.29,2017-01-18 04:00:39,4.3,1.22,2017-01-17 07:01:46,,,,,,,,,,,,,,,,,,,,,,,,,,,,,,,,,,,,,,,,,,
36,australia,atp-australian-open-2017,2017,,N,"A$15,000,000",2017-01-18,22:25:00,Istomin D.,Djokovic N.,Istomin D.,3:2,"7:68, 5:7, 2:6, 7:65, 6:4",454,E-5-2-2-11.5-0,3.63,1.24,2017-01-18 22:19:38,3.63,1.24,2017-01-18 22:19:38,,,,,,,,,,,,,,,,,,,,,,,,,,,,,,,,,,,,,,,,,,
37,australia,atp-australian-open-2017,2017,,N,"A$15,000,000",2017-01-18,22:25:00,Istomin D.,Djokovic N.,Istomin D.,3:2,"7:68, 5:7, 2:6, 7:65, 6:4",pinnacle,E-5-2-2-10-0,1.85,2.04,2017-01-18 22:22:40,2.1,1.78,2017-01-17 07:44:51,,,,,,,,,,,,,,,,,,,,,,,,,,,,,,,,,,,,,,,,,,
38,australia,atp-australian-open-2017,2017,,N,"A$15,000,000",2017-01-18,22:25:00,Istomin D.,Djokovic N.,Istomin D.,3:2,"7:68, 5:7, 2:6, 7:65, 6:4",marathonbet,E-5-2-2-10-0,2.2,1.71,2017-01-18 12:47:54,2.07,1.84,2017-01-17 07:54:38,,,,,,,,,,,,,,,,,,,,,,,,,,,,,,,,,,,,,,,,,,
39,australia,atp-australian-open-2017,2017,,N,"A$15,000,000",2017-01-18,22:25:00,Istomin D.,Djokovic N.,Istomin D.,3:2,"7:68, 5:7, 2:6, 7:65, 6:4",453,E-5-2-2-10-0,2.2,1.71,2017-01-18 12:48:31,2.07,1.84,2017-01-17 07:58:17,,,,,,,,,,,,,,,,,,,,,,,,,,,,,,,,,,,,,,,,,,
40,australia,atp-australian-open-2017,2017,,N,"A$15,000,000",2017-01-18,22:25:00,Istomin D.,Djokovic N.,Istomin D.,3:2,"7:68, 5:7, 2:6, 7:65, 6:4",1xbet,E-5-2-2-10-0,2.2,1.71,2017-01-18 12:47:36,2.07,1.84,2017-01-17 07:58:39,,,,,,,,,,,,,,,,,,,,,,,,,,,,,,,,,,,,,,,,,,
41,australia,atp-australian-open-2017,2017,,N,"A$15,000,000",2017-01-18,22:25:00,Istomin D.,Djokovic N.,Istomin D.,3:2,"7:68, 5:7, 2:6, 7:65, 6:4",betway,E-5-2-2-10-0,2.0,1.73,2017-01-18 10:55:54,2.0,1.73,2017-01-17 09:28:43,,,,,,,,,,,,,,,,,,,,,,,,,,,,,,,,,,,,,,,,,,
42,australia,atp-australian-open-2017,2017,,N,"A$15,000,000",2017-01-18,22:25:00,Istomin D.,Djokovic N.,Istomin D.,3:2,"7:68, 5:7, 2:6, 7:65, 6:4",matchbook,E-5-2-2-10-0,1.86,2.05,2017-01-18 22:23:27,2.04,1.87,2017-01-17 18:24:26,1057,902,1.95,2.16,2.15,1.96,2017-01-18 22:23:27,2017-01-17 18:24:26,947,911,,,,,,,,,,,,,,,,,,,,,,,,,,,,,,,,
43,australia,atp-australian-open-2017,2017,,N,"A$15,000,000",2017-01-18,22:25:00,Istomin D.,Djokovic N.,Istomin D.,3:2,"7:68, 5:7, 2:6, 7:65, 6:4",454,E-5-2-2-10-0,1.85,1.85,2017-01-18 22:05:43,1.92,1.79,2017-01-18 05:02:40,,,,,,,,,,,,,,,,,,,,,,,,,,,,,,,,,,,,,,,,,,
44,australia,atp-australian-open-2017,2017,,N,"A$15,000,000",2017-01-18,22:25:00,Istomin D.,Djokovic N.,Istomin D.,3:2,"7:68, 5:7, 2:6, 7:65, 6:4",youwin,E-5-2-2-10-0,1.83,1.83,2017-01-18 05:58:10,1.83,1.83,2017-01-18 05:58:10,,,,,,,,,,,,,,,,,,,,,,,,,,,,,,,,,,,,,,,,,,
45,australia,atp-australian-open-2017,2017,,N,"A$15,000,000",2017-01-18,22:25:00,Istomin D.,Djokovic N.,Istomin D.,3:2,"7:68, 5:7, 2:6, 7:65, 6:4",1xbet,E-5-2-2-7.5-0,1.19,4.7,2017-01-18 04:00:34,1.28,3.7,2017-01-17 07:00:26,,,,,,,,,,,,,,,,,,,,,,,,,,,,,,,,,,,,,,,,,,
46,australia,atp-australian-open-2017,2017,,N,"A$15,000,000",2017-01-18,22:25:00,Istomin D.,Djokovic N.,Istomin D.,3:2,"7:68, 5:7, 2:6, 7:65, 6:4",453,E-5-2-2-7.5-0,1.19,4.7,2017-01-18 04:00:39,1.28,3.7,2017-01-17 07:01:47,,,,,,,,,,,,,,,,,,,,,,,,,,,,,,,,,,,,,,,,,,
47,australia,atp-australian-open-2017,2017,,N,"A$15,000,000",2017-01-18,22:25:00,Istomin D.,Djokovic N.,Istomin D.,3:2,"7:68, 5:7, 2:6, 7:65, 6:4",pinnacle,E-5-2-2-9-0,3.02,1.4,2017-01-18 22:22:40,2.42,1.6,2017-01-17 07:44:51,,,,,,,,,,,,,,,,,,,,,,,,,,,,,,,,,,,,,,,,,,
48,australia,atp-australian-open-2017,2017,,N,"A$15,000,000",2017-01-18,22:25:00,Istomin D.,Djokovic N.,Istomin D.,3:2,"7:68, 5:7, 2:6, 7:65, 6:4",betway,E-5-2-2-9-0,2.5,1.5,2017-01-17 09:28:43,2.5,1.5,2017-01-17 09:28:43,,,,,,,,,,,,,,,,,,,,,,,,,,,,,,,,,,,,,,,,,,
49,australia,atp-australian-open-2017,2017,,N,"A$15,000,000",2017-01-18,22:25:00,Istomin D.,Djokovic N.,Istomin D.,3:2,"7:68, 5:7, 2:6, 7:65, 6:4",marathonbet,E-5-2-2-9-0,2.47,1.57,2017-01-18 04:28:38,2.44,1.58,2017-01-17 19:19:18,,,,,,,,,,,,,,,,,,,,,,,,,,,,,,,,,,,,,,,,,,
50,australia,atp-australian-open-2017,2017,,N,"A$15,000,000",2017-01-18,22:25:00,Istomin D.,Djokovic N.,Istomin D.,3:2,"7:68, 5:7, 2:6, 7:65, 6:4",453,E-5-2-2-9-0,2.47,1.54,2017-01-18 04:32:45,2.44,1.58,2017-01-17 19:20:45,,,,,,,,,,,,,,,,,,,,,,,,,,,,,,,,,,,,,,,,,,
51,australia,atp-australian-open-2017,2017,,N,"A$15,000,000",2017-01-18,22:25:00,Istomin D.,Djokovic N.,Istomin D.,3:2,"7:68, 5:7, 2:6, 7:65, 6:4",1xbet,E-5-2-2-9-0,2.47,1.54,2017-01-18 04:31:57,2.44,1.58,2017-01-17 19:20:52,,,,,,,,,,,,,,,,,,,,,,,,,,,,,,,,,,,,,,,,,,
52,australia,atp-australian-open-2017,2017,,N,"A$15,000,000",2017-01-18,22:25:00,Istomin D.,Djokovic N.,Istomin D.,3:2,"7:68, 5:7, 2:6, 7:65, 6:4",453,E-5-2-2-9.5-0,1.87,2.03,2017-01-18 22:16:16,1.99,1.91,2017-01-17 06:45:13,,,,,,,,,,,,,,,,,,,,,,,,,,,,,,,,,,,,,,,,,,
53,australia,atp-australian-open-2017,2017,,N,"A$15,000,000",2017-01-18,22:25:00,Istomin D.,Djokovic N.,Istomin D.,3:2,"7:68, 5:7, 2:6, 7:65, 6:4",marathonbet,E-5-2-2-9.5-0,1.88,2.03,2017-01-18 12:47:54,1.99,1.91,2017-01-17 06:45:38,,,,,,,,,,,,,,,,,,,,,,,,,,,,,,,,,,,,,,,,,,
54,australia,atp-australian-open-2017,2017,,N,"A$15,000,000",2017-01-18,22:25:00,Istomin D.,Djokovic N.,Istomin D.,3:2,"7:68, 5:7, 2:6, 7:65, 6:4",1xbet,E-5-2-2-9.5-0,1.87,2.03,2017-01-18 22:15:42,1.99,1.91,2017-01-17 06:46:17,,,,,,,,,,,,,,,,,,,,,,,,,,,,,,,,,,,,,,,,,,
55,australia,atp-australian-open-2017,2017,,N,"A$15,000,000",2017-01-18,22:25:00,Istomin D.,Djokovic N.,Istomin D.,3:2,"7:68, 5:7, 2:6, 7:65, 6:4",pinnacle,E-5-2-2-9.5-0,1.66,2.27,2017-01-18 22:22:40,1.85,2.05,2017-01-17 07:44:51,,,,,,,,,,,,,,,,,,,,,,,,,,,,,,,,,,,,,,,,,,
56,australia,atp-australian-open-2017,2017,,N,"A$15,000,000",2017-01-18,22:25:00,Istomin D.,Djokovic N.,Istomin D.,3:2,"7:68, 5:7, 2:6, 7:65, 6:4",411,E-5-2-2-9.5-0,1.75,2.07,2017-01-18 21:45:18,1.84,1.86,2017-01-17 07:45:26,,,,,,,,,,,,,,,,,,,,,,,,,,,,,,,,,,,,,,,,,,
57,australia,atp-australian-open-2017,2017,,N,"A$15,000,000",2017-01-18,22:25:00,Istomin D.,Djokovic N.,Istomin D.,3:2,"7:68, 5:7, 2:6, 7:65, 6:4",45,E-5-2-2-9.5-0,1.75,2.07,2017-01-18 21:46:13,1.84,1.86,2017-01-17 07:45:43,,,,,,,,,,,,,,,,,,,,,,,,,,,,,,,,,,,,,,,,,,
58,australia,atp-australian-open-2017,2017,,N,"A$15,000,000",2017-01-18,22:25:00,Istomin D.,Djokovic N.,Istomin D.,3:2,"7:68, 5:7, 2:6, 7:65, 6:4",49,E-5-2-2-9.5-0,1.75,2.07,2017-01-18 21:46:10,1.84,1.86,2017-01-17 07:45:45,,,,,,,,,,,,,,,,,,,,,,,,,,,,,,,,,,,,,,,,,,
59,australia,atp-australian-open-2017,2017,,N,"A$15,000,000",2017-01-18,22:25:00,Istomin D.,Djokovic N.,Istomin D.,3:2,"7:68, 5:7, 2:6, 7:65, 6:4",455,E-5-2-2-9.5-0,1.75,1.85,2017-01-17 08:02:31,1.75,1.85,2017-01-17 08:02:31,,,,,,,,,,,,,,,,,,,,,,,,,,,,,,,,,,,,,,,,,,
60,australia,atp-australian-open-2017,2017,,N,"A$15,000,000",2017-01-18,22:25:00,Istomin D.,Djokovic N.,Istomin D.,3:2,"7:68, 5:7, 2:6, 7:65, 6:4",leonbets,E-5-2-2-9.5-0,1.75,1.85,2017-01-17 08:02:35,1.75,1.85,2017-01-17 08:02:35,,,,,,,,,,,,,,,,,,,,,,,,,,,,,,,,,,,,,,,,,,
61,australia,atp-australian-open-2017,2017,,N,"A$15,000,000",2017-01-18,22:25:00,Istomin D.,Djokovic N.,Istomin D.,3:2,"7:68, 5:7, 2:6, 7:65, 6:4",oddsring,E-5-2-2-9.5-0,1.75,1.85,2017-01-17 08:17:36,1.75,1.85,2017-01-17 08:17:36,,,,,,,,,,,,,,,,,,,,,,,,,,,,,,,,,,,,,,,,,,
62,australia,atp-australian-open-2017,2017,,N,"A$15,000,000",2017-01-18,22:25:00,Istomin D.,Djokovic N.,Istomin D.,3:2,"7:68, 5:7, 2:6, 7:65, 6:4",matchbook,E-5-2-2-9.5-0,1.71,2.26,2017-01-18 22:07:26,1.85,2.06,2017-01-17 08:35:27,1274,903,1.79,2.4,1.94,2.17,2017-01-18 22:07:26,2017-01-17 08:35:27,1138,910,,,,,,,,,,,,,,,,,,,,,,,,,,,,,,,,
63,australia,atp-australian-open-2017,2017,,N,"A$15,000,000",2017-01-18,22:25:00,Istomin D.,Djokovic N.,Istomin D.,3:2,"7:68, 5:7, 2:6, 7:65, 6:4",454,E-5-2-2-9.5-0,1.77,1.94,2017-01-18 21:12:43,1.8,1.9,2017-01-17 08:58:06,,,,,,,,,,,,,,,,,,,,,,,,,,,,,,,,,,,,,,,,,,
64,australia,atp-australian-open-2017,2017,,N,"A$15,000,000",2017-01-18,22:25:00,Istomin D.,Djokovic N.,Istomin D.,3:2,"7:68, 5:7, 2:6, 7:65, 6:4",414,E-5-2-2-9.5-0,1.75,1.94,2017-01-17 09:21:25,1.75,1.94,2017-01-17 09:21:25,,,,,,,,,,,,,,,,,,,,,,,,,,,,,,,,,,,,,,,,,,
65,australia,atp-australian-open-2017,2017,,N,"A$15,000,000",2017-01-18,22:25:00,Istomin D.,Djokovic N.,Istomin D.,3:2,"7:68, 5:7, 2:6, 7:65, 6:4",betway,E-5-2-2-9.5-0,1.73,2.0,2017-01-17 09:28:43,1.73,2.0,2017-01-17 09:28:43,,,,,,,,,,,,,,,,,,,,,,,,,,,,,,,,,,,,,,,,,,
66,australia,atp-australian-open-2017,2017,,N,"A$15,000,000",2017-01-18,22:25:00,Istomin D.,Djokovic N.,Istomin D.,3:2,"7:68, 5:7, 2:6, 7:65, 6:4",jetbull,E-5-2-2-9.5-0,1.7,2.1,2017-01-18 22:09:51,1.78,1.98,2017-01-17 10:39:57,,,,,,,,,,,,,,,,,,,,,,,,,,,,,,,,,,,,,,,,,,
67,australia,atp-australian-open-2017,2017,,N,"A$15,000,000",2017-01-18,22:25:00,Istomin D.,Djokovic N.,Istomin D.,3:2,"7:68, 5:7, 2:6, 7:65, 6:4",157,E-5-2-2-9.5-0,1.75,2.05,2017-01-17 11:11:37,1.75,2.05,2017-01-17 11:11:37,,,,,,,,,,,,,,,,,,,,,,,,,,,,,,,,,,,,,,,,,,
68,australia,atp-australian-open-2017,2017,,N,"A$15,000,000",2017-01-18,22:25:00,Istomin D.,Djokovic N.,Istomin D.,3:2,"7:68, 5:7, 2:6, 7:65, 6:4",unibet,E-5-2-2-9.5-0,1.75,2.05,2017-01-17 11:18:14,1.75,2.05,2017-01-17 11:18:14,,,,,,,,,,,,,,,,,,,,,,,,,,,,,,,,,,,,,,,,,,
69,australia,atp-australian-open-2017,2017,,N,"A$15,000,000",2017-01-18,22:25:00,Istomin D.,Djokovic N.,Istomin D.,3:2,"7:68, 5:7, 2:6, 7:65, 6:4",betsson,E-5-2-2-9.5-0,1.75,1.98,2017-01-17 17:47:55,1.8,1.92,2017-01-17 15:06:35,,,,,,,,,,,,,,,,,,,,,,,,,,,,,,,,,,,,,,,,,,
70,australia,atp-australian-open-2017,2017,,N,"A$15,000,000",2017-01-18,22:25:00,Istomin D.,Djokovic N.,Istomin D.,3:2,"7:68, 5:7, 2:6, 7:65, 6:4",nordicbet,E-5-2-2-9.5-0,1.75,1.98,2017-01-17 17:48:31,1.8,1.92,2017-01-17 15:07:27,,,,,,,,,,,,,,,,,,,,,,,,,,,,,,,,,,,,,,,,,,
71,australia,atp-australian-open-2017,2017,,N,"A$15,000,000",2017-01-18,22:25:00,Istomin D.,Djokovic N.,Istomin D.,3:2,"7:68, 5:7, 2:6, 7:65, 6:4",betsafe,E-5-2-2-9.5-0,1.75,1.98,2017-01-17 17:48:12,1.8,1.92,2017-01-17 15:07:46,,,,,,,,,,,,,,,,,,,,,,,,,,,,,,,,,,,,,,,,,,
72,australia,atp-australian-open-2017,2017,,N,"A$15,000,000",2017-01-18,22:25:00,Istomin D.,Djokovic N.,Istomin D.,3:2,"7:68, 5:7, 2:6, 7:65, 6:4",betfred,E-5-2-2-9.5-0,1.8,2.0,2017-01-17 16:03:58,1.8,2.0,2017-01-17 16:03:58,,,,,,,,,,,,,,,,,,,,,,,,,,,,,,,,,,,,,,,,,,
73,australia,atp-australian-open-2017,2017,,N,"A$15,000,000",2017-01-18,22:25:00,Istomin D.,Djokovic N.,Istomin D.,3:2,"7:68, 5:7, 2:6, 7:65, 6:4",419,E-5-2-2-9.5-0,1.72,2.0,2017-01-17 17:05:43,1.72,2.0,2017-01-17 17:05:43,,,,,,,,,,,,,,,,,,,,,,,,,,,,,,,,,,,,,,,,,,
74,australia,atp-australian-open-2017,2017,,N,"A$15,000,000",2017-01-18,22:25:00,Istomin D.,Djokovic N.,Istomin D.,3:2,"7:68, 5:7, 2:6, 7:65, 6:4",bet365,E-5-2-2-9.5-0,1.72,2.0,2017-01-17 17:06:43,1.72,2.0,2017-01-17 17:06:43,,,,,,,,,,,,,,,,,,,,,,,,,,,,,,,,,,,,,,,,,,
75,australia,atp-australian-open-2017,2017,,N,"A$15,000,000",2017-01-18,22:25:00,Istomin D.,Djokovic N.,Istomin D.,3:2,"7:68, 5:7, 2:6, 7:65, 6:4",46,E-5-2-2-9.5-0,1.82,1.86,2017-01-17 17:30:30,1.82,1.86,2017-01-17 17:30:30,,,,,,,,,,,,,,,,,,,,,,,,,,,,,,,,,,,,,,,,,,
76,australia,atp-australian-open-2017,2017,,N,"A$15,000,000",2017-01-18,22:25:00,Istomin D.,Djokovic N.,Istomin D.,3:2,"7:68, 5:7, 2:6, 7:65, 6:4",188bet,E-5-2-2-9.5-0,1.75,2.05,2017-01-18 22:08:23,1.7,2.06,2017-01-17 23:00:32,,,,,,,,,,,,,,,,,,,,,,,,,,,,,,,,,,,,,,,,,,
77,australia,atp-australian-open-2017,2017,,N,"A$15,000,000",2017-01-18,22:25:00,Istomin D.,Djokovic N.,Istomin D.,3:2,"7:68, 5:7, 2:6, 7:65, 6:4",dafabet,E-5-2-2-9.5-0,1.8,2.02,2017-01-17 23:23:29,1.8,2.02,2017-01-17 23:23:29,,,,,,,,,,,,,,,,,,,,,,,,,,,,,,,,,,,,,,,,,,
78,australia,atp-australian-open-2017,2017,,N,"A$15,000,000",2017-01-18,22:25:00,Istomin D.,Djokovic N.,Istomin D.,3:2,"7:68, 5:7, 2:6, 7:65, 6:4",149,E-5-2-2-9.5-0,1.75,1.95,2017-01-18 03:39:52,1.75,1.95,2017-01-18 03:39:52,,,,,,,,,,,,,,,,,,,,,,,,,,,,,,,,,,,,,,,,,,
79,australia,atp-australian-open-2017,2017,,N,"A$15,000,000",2017-01-18,22:25:00,Istomin D.,Djokovic N.,Istomin D.,3:2,"7:68, 5:7, 2:6, 7:65, 6:4",interwetten,E-5-2-2-9.5-0,1.75,1.95,2017-01-18 03:43:35,1.75,1.95,2017-01-18 03:43:35,,,,,,,,,,,,,,,,,,,,,,,,,,,,,,,,,,,,,,,,,,
80,australia,atp-australian-open-2017,2017,,N,"A$15,000,000",2017-01-18,22:25:00,Istomin D.,Djokovic N.,Istomin D.,3:2,"7:68, 5:7, 2:6, 7:65, 6:4",youwin,E-5-2-2-9.5-0,1.83,1.83,2017-01-18 05:43:08,1.83,1.83,2017-01-18 05:43:08,,,,,,,,,,,,,,,,,,,,,,,,,,,,,,,,,,,,,,,,,,
81,australia,atp-australian-open-2017,2017,,N,"A$15,000,000",2017-01-18,22:25:00,Istomin D.,Djokovic N.,Istomin D.,3:2,"7:68, 5:7, 2:6, 7:65, 6:4",888sport,E-5-2-2-9.5-0,1.75,2.05,2017-01-18 20:56:18,1.75,2.05,2017-01-18 20:56:18,,,,,,,,,,,,,,,,,,,,,,,,,,,,,,,,,,,,,,,,,,
82,australia,atp-australian-open-2017,2017,,N,"A$15,000,000",2017-01-18,22:25:00,Istomin D.,Djokovic N.,Istomin D.,3:2,"7:68, 5:7, 2:6, 7:65, 6:4",1xbet,E-5-2-2-8.5-0,3.0,1.39,2017-01-18 12:38:37,2.5,1.53,2017-01-17 07:00:26,,,,,,,,,,,,,,,,,,,,,,,,,,,,,,,,,,,,,,,,,,
83,australia,atp-australian-open-2017,2017,,N,"A$15,000,000",2017-01-18,22:25:00,Istomin D.,Djokovic N.,Istomin D.,3:2,"7:68, 5:7, 2:6, 7:65, 6:4",453,E-5-2-2-8.5-0,3.0,1.39,2017-01-18 12:39:10,2.5,1.53,2017-01-17 07:01:47,,,,,,,,,,,,,,,,,,,,,,,,,,,,,,,,,,,,,,,,,,
84,australia,atp-australian-open-2017,2017,,N,"A$15,000,000",2017-01-18,22:25:00,Istomin D.,Djokovic N.,Istomin D.,3:2,"7:68, 5:7, 2:6, 7:65, 6:4",pinnacle,E-5-2-2-8.5-0,2.92,1.42,2017-01-17 17:42:42,2.75,1.47,2017-01-17 07:44:51,,,,,,,,,,,,,,,,,,,,,,,,,,,,,,,,,,,,,,,,,,
85,australia,atp-australian-open-2017,2017,,N,"A$15,000,000",2017-01-18,22:25:00,Istomin D.,Djokovic N.,Istomin D.,3:2,"7:68, 5:7, 2:6, 7:65, 6:4",411,E-5-2-2-8.5-0,2.6,1.44,2017-01-18 21:45:18,2.54,1.46,2017-01-17 07:45:26,,,,,,,,,,,,,,,,,,,,,,,,,,,,,,,,,,,,,,,,,,
86,australia,atp-australian-open-2017,2017,,N,"A$15,000,000",2017-01-18,22:25:00,Istomin D.,Djokovic N.,Istomin D.,3:2,"7:68, 5:7, 2:6, 7:65, 6:4",45,E-5-2-2-8.5-0,2.6,1.44,2017-01-18 21:46:13,2.54,1.46,2017-01-17 07:45:43,,,,,,,,,,,,,,,,,,,,,,,,,,,,,,,,,,,,,,,,,,
87,australia,atp-australian-open-2017,2017,,N,"A$15,000,000",2017-01-18,22:25:00,Istomin D.,Djokovic N.,Istomin D.,3:2,"7:68, 5:7, 2:6, 7:65, 6:4",49,E-5-2-2-8.5-0,2.6,1.44,2017-01-18 21:46:10,2.54,1.46,2017-01-17 07:45:45,,,,,,,,,,,,,,,,,,,,,,,,,,,,,,,,,,,,,,,,,,
88,australia,atp-australian-open-2017,2017,,N,"A$15,000,000",2017-01-18,22:25:00,Istomin D.,Djokovic N.,Istomin D.,3:2,"7:68, 5:7, 2:6, 7:65, 6:4",46,E-5-2-2-8.5-0,2.53,1.45,2017-01-17 17:30:30,2.53,1.45,2017-01-17 17:30:30,,,,,,,,,,,,,,,,,,,,,,,,,,,,,,,,,,,,,,,,,,
89,australia,atp-australian-open-2017,2017,,N,"A$15,000,000",2017-01-18,22:25:00,Istomin D.,Djokovic N.,Istomin D.,3:2,"7:68, 5:7, 2:6, 7:65, 6:4",marathonbet,E-5-2-2-8.5-0,2.76,1.47,2017-01-17 19:19:18,2.76,1.47,2017-01-17 19:19:18,,,,,,,,,,,,,,,,,,,,,,,,,,,,,,,,,,,,,,,,,,
